{
  "CNN": {
    "accuracy": 0.8521057786483839,
    "precision": 0.8668478260869565,
    "recall": 0.7577197149643705,
    "f1_score": 0.8086185044359948,
    "roc_auc": 0.9254770387965161,
    "confusion_matrix": [
      [
        551,
        49
      ],
      [
        102,
        319
      ]
    ]
  },
  "AE Classifier": {
    "accuracy": 0.8785504407443683,
    "precision": 0.9459459459459459,
    "recall": 0.7482185273159145,
    "f1_score": 0.8355437665782494,
    "roc_auc": 0.9530126682501978,
    "confusion_matrix": [
      [
        582,
        18
      ],
      [
        106,
        315
      ]
    ]
  },
  "Transformer Classifier": {
    "accuracy": 0.8266405484818805,
    "precision": 0.8262032085561497,
    "recall": 0.7339667458432304,
    "f1_score": 0.7773584905660378,
    "roc_auc": 0.8988083927157562,
    "confusion_matrix": [
      [
        535,
        65
      ],
      [
        112,
        309
      ]
    ]
  },
  "Hybrid": {
    "accuracy": 0.8667972575905974,
    "precision": 0.9641693811074918,
    "recall": 0.7030878859857482,
    "f1_score": 0.8131868131868132,
    "roc_auc": 0.9529928741092637,
    "confusion_matrix": [
      [
        589,
        11
      ],
      [
        125,
        296
      ]
    ]
  },
  "dataset_info": {
    "total_samples": 32,
    "train_samples": 6668,
    "val_samples": 1058,
    "test_samples": 1021,
    "ai_test_samples": 421,
    "human_test_samples": 600
  },
  "configuration": {
    "sample_rate": 16000,
    "duration": 5.0,
    "n_mels": 128,
    "ae_latent_dim": 256,
    "transformer_dim": 512,
    "hybrid_dim": 768,
    "batch_size": 32,
    "learning_rate": 0.0001,
    "random_seed": 42
  }
}